Category,Product,Origin,Size,Pcs,UnitCost_Actual,ListA_Jan2025,ListB_Jun2025,Notes
Porcelain 5mm,CALACATA PULIDO,SPAIN,260X120X5,52,,158,290,
Porcelain 5mm,CORINTO PULIDO,SPAIN,260X120X5,39,,158,290,
Porcelain 5mm,NERO ARDI,SPAIN,260X120X5,13,,158,290,
Porcelain 5mm,CARRARA NATURAL,SPAIN,260X120X5,13,,158,290,
Porcelain 5mm,ICEBERG,SPAIN,260X120X5,26,,158,290,
Porcelain 5mm,CARRARA GLOSSY,SPAIN,260X120X5,26,,158,290,
Porcelain 5mm,MARQUINA PLUDO,SPAIN,260X120X5,6,,158,290,
Porcelain 5mm,DISTRITO IRON,SPAIN,260X120X5,12,,158,290,
Porcelain 5mm,DISTRITO ALU,SPAIN,260X120X5,13,,158,290,
Porcelain 5mm,TACO PALADIO,SPAIN,260X120X5,6,,158,290,
Porcelain 5mm,WHITE GLOSSY,SPAIN,260X120X5,6,,158,290,
Porcelain 5mm,WHITE NAT,SPAIN,260X120X5,7,,158,290,
Porcelain 5mm,GUARZO RENO GLOSSY,SPAIN,260X120X5,13,,158,290,
Porcelain 12mm,PALADIO POLIDO,SPAIN,3240X1620X12,10,,432,650,
Porcelain 12mm,PALADIO NAT,SPAIN,3240X1620X12,3,,432,650,
Porcelain 12mm,ICEBERG PUL,SPAIN,3240X1620X12,5,,432,650,
Porcelain 12mm,DISTRITO ALU,SPAIN,3240X1620X12,10,,432,650,
Porcelain 12mm,BASALTINA NEGRO,SPAIN,3240X1620X12,10,,432,650,
Porcelain 12mm,DUAMO,SPAIN,3240X1620X12,10,,432,650,
Porcelain 12mm,ICEBERG,SPAIN,3240X1620X12,20,,432,650,
Porcelain 12mm,CORINTO,SPAIN,3240X1620X12,11,,432,650,
Porcelain 12mm,PALADIO MARRON,SPAIN,3240X1620X12,10,,432,650,
Porcelain 12mm,NERO ARDI NAT,SPAIN,3240X1620X12,8,,432,650,
Porcelain 12mm,CALACATA POLIDO,SPAIN,3240X1620X12,6,,432,650,
Porcelain 12mm,CALACATA NAT,SPAIN,3240X1620X12,10,,432,650,
Porcelain 12mm,ESTATUARIO PULIDO,SPAIN,3240X1620X12,40,,432,650,
Porcelain 12mm,MAMA GRIS,SPAIN,3240X1620X12,6,,432,650,
Porcelain 12mm,CUARZO RENO,SPAIN,3240X1620X12,11,,432,650,
Porcelain 12mm,BASIC NIEVE,SPAIN,3240X1620X12,10,,432,650,
Porcelain 12mm,CUARZO RENO PULIDO,SPAIN,3240X1620X12,20,,432,650,
Porcelain 12mm,TAJ MAHAL PULIDO,SPAIN,3240X1620X12,8,,432,650,
Porcelain 12mm,TAJ MAHAL NAT,SPAIN,3240X1620X12,1,,432,650,
Porcelain 12mm,BLUE ROMA,SPAIN,3240X1620X12,15,,432,650,
Porcelain 12mm,BIANCO SUPREME,SPAIN,3240X1620X12,3,,432,650,
Porcelain 12mm,CALAKATA VAGLIE NAT,SPAIN,3240X1620X12,11,,432,650,
Porcelain 12mm,NERO ZIMBABWE,SPAIN,3240X1620X12,4,,432,650,
Porcelain 12mm,CALACATA VAGLIE GLOSSY,SPAIN,3240X1620X12,8,,432,650,
Porcelain 12mm,PANDA,SPAIN,3240X1620X12,17,,432,650,
Porcelain 12mm,CAMOUFLAGE,SPAIN,3240X1620X12,15,,432,650,
Porcelain 12mm,MACCHIA VECCHIA,SPAIN,3240X1620X12,20,,432,650,
Porcelain 12mm,CARRARA,SPAIN,3240X1620X12,74,,432,650,
Porcelain 12mm,CARRARA PULIDO,SPAIN,3240X1620X12,41,,432,650,
Porcelain 20mm,CAMOUFLAGE,SPAIN,3240X1620X20,13,,494,750,
Porcelain 20mm,BLUE ROMA,SPAIN,3240X1620X20,14,,494,750,
Porcelain 20mm,NERO ZIMBABWE,SPAIN,3240X1620X20,5,,494,750,
Porcelain 20mm,MACCHIA VECCHIA,SPAIN,3240X1620X20,8,,494,750,
Porcelain 20mm,TAJ MAHAL NAT,SPAIN,3240X1620X20,16,,494,750,
Porcelain 20mm,BIANCO SUPREME,SPAIN,3240X1620X20,5,,494,750,
Porcelain 9mm,ARMANI GREY,INDIA,1200X2400X9,216,,62,160,
Porcelain 9mm,CALCUTTA BORGHINI,INDIA,1200X2400X9,216,,62,160,
Quartz 30mm,8064 W,VIETNAM,3200X1600X30,20,481.28,589,550,Purchase cost from BZ Zoho item export
Quartz 30mm,8038 W,VIETNAM,3200X1600X30,20,481.28,589,550,
Quartz 30mm,8098 W,VIETNAM,3200X1600X30,13,481.28,589,550,
Quartz 30mm,9030 W,VIETNAM,3200X1600X30,5,481.28,589,550,
Quartz 30mm,8039 W,VIETNAM,3200X1600X30,20,481.28,589,550,
Quartz 30mm,8126 W,VIETNAM,3200X1600X30,10,481.28,589,550,
Quartz 30mm,KA9708,VIETNAM,3200X1600X30,35,481.28,589,550,
Quartz 30mm,KA9705,VIETNAM,3200X1600X30,34,481.28,589,550,
Quartz 30mm,9020 W,VIETNAM,3200X1600X30,19,481.28,589,550,
Quartz 30mm,8083 W,VIETNAM,3200X1600X30,16,481.28,589,550,
Quartz 30mm,8022 W,VIETNAM,3200X1600X30,14,481.28,589,550,
Quartz 30mm,KVA9928,VIETNAM,3200X1600X30,1,481.28,589,550,
Porcelain 5mm,SUPER WHITE GLOSSY,ITALY,2780X1200X5,44,,164,290,
Porcelain 5mm,TAJ MAHAL GLOSSY,ITALY,2780X1200X5,36,,164,290,
Porcelain 5mm,CAPRAIA GLOSSY,ITALY,2780X1200X5,32,,164,290,
Porcelain 5mm,CAL MACCHIA GLOSSY,ITALY,2780X1200X5,32,,164,290,
Porcelain 5mm,STATUARIO GLOSSY,ITALY,2780X1200X5,37,,164,290,
Porcelain 5mm,CAPRAIA NAT,ITALY,2780X1200X5,44,,164,290,
Porcelain 5mm,FIO DI BO GLOSSY,ITALY,2780X1200X5,44,,164,290,
Porcelain 5mm,CAL LIGHT HAN RET,ITALY,2780X1200X5,44,,164,290,
Porcelain 5mm,CALACATA WHITE GLOSSY,ITALY,2780X1200X5,44,,164,290,
Porcelain 5mm,CAL LIGHT GLOSSY,ITALY,2780X1200X5,44,,164,290,
Porcelain 5mm,OLINCALN HAN RET,ITALY,2780X1200X5,44,,164,290,
Porcelain 5mm,PIETRO GREYY NAT,ITALY,2780X1200X5,132,,164,290,
Porcelain 5mm,SUPER WHITE NAT,ITALY,2780X1200X5,44,,164,290,
Porcelain 5mm,FIOR DI BASCO NAT,ITALY,2780X1200X5,44,,164,290,
Porcelain 5mm,ROYAL CREAMY NAT,ITALY,2780X1200X5,22,,164,290,
Porcelain 12mm,CALAKATA LIGHT,ITALY,3240X1620X12,43,,451,650,
Porcelain 12mm,TAJ MAHAL POL,ITALY,3240X1620X12,20,,451,650,
Porcelain 12mm,CALACATTA MACCHIA,ITALY,3240X1620X12,21,,451,650,
Porcelain 12mm,ROYALL CERAMY,ITALY,3240X1620X12,21,,451,650,
Porcelain 12mm,CAPRAIA POL,ITALY,3240X1620X12,13,,451,650,
Porcelain 12mm,PIETRO GREYY POL,ITALY,3240X1620X12,21,,451,650,
Porcelain 12mm,CAPRAIA,ITALY,3240X1620X12,21,,451,650,
Porcelain 12mm,SUPER WHITE,ITALY,3240X1620X12,21,,451,650,
Porcelain 12mm,STATUARIO,ITALY,3240X1620X12,22,,451,650,
Porcelain 12mm,FIOR DI BASCO,ITALY,3240X1620X12,21,,451,650,
Porcelain 12mm,CAPRAIA (2),ITALY,3240X1620X12,22,,451,650,
Quartz 30mm (Quartzforms),VEINED MICHELANGELO,GERMANY,3200X1640X30,10,,1050,1042,
Quartz 30mm (Quartzforms),PLANET TEMPEL,GERMANY,3200X1640X30,10,,1050,1141,
Quartz 30mm (Quartzforms),PLANET NEPTUNE,GERMANY,3200X1640X30,10,,1050,1141,
Quartz 30mm (Quartzforms),VEONED BERNINI JUMB,GERMANY,3200X1640X30,10,,1050,1086,
Quartz 30mm (Quartzforms),PLANET VENUS,GERMANY,3200X1640X30,15,,1050,1141,
Quartz 30mm (Quartzforms),ABSOLUTE WHITE JUMBO,GERMANY,3200X1640X30,9,,1050,1086,
Quartz 30mm (Quartzforms),HONEY GALAXY,GERMANY,3200X1640X30,15,,1050,1042,
Quartz 30mm (Quartzforms),OCEAN LOGAEN,GERMANY,3200X1640X30,10,,1050,1042,
Quartz 30mm (Quartzforms),FOREST SUGHERO,GERMANY,3200X1640X30,8,,1050,1141,
Quartz 30mm (Quartzforms),OCEAN ARCTIC,GERMANY,3200X1640X30,10,,1050,1042,
Quartz 30mm (Quartzforms),FOREST MAGNDIO,GERMANY,3200X1640X30,10,,1050,1141,
Quartz 30mm (Quartzforms),OCEAN MIDNIGHT,GERMANY,3200X1640X30,6,,1050,1086,
Quartz 30mm (Quartzforms),PLANET MARS,GERMANY,3200X1640X30,3,,1050,1141,
Quartz 30mm (Quartzforms),PLANET MERCURY,GERMANY,3200X1640X30,10,,1050,1141,
Quartz 30mm (Quartzforms),NEW ERA NIRVANA,GERMANY,3200X1640X30,20,,1050,1252,
Quartz 30mm (Quartzforms),NEW ERA GOLD,GERMANY,3200X1640X30,20,,1050,1252,
Quartz 30mm (Quartzforms),FOREST BETULLA,GERMANY,3200X1640X30,8,,1050,1141,
Quartz 30mm (Quartzforms),HOLLEY,GERMANY,3200X1640X30,15,,1050,1141,
Quartz 30mm (Quartzforms),FOREST GARRIGUE,GERMANY,3200X1640X30,10,,1050,1141,
Quartz 30mm (Quartzforms),FOSSIL JET JUMBO,GERMANY,3200X1640X30,3,,1050,1086,
Quartz 30mm (Quartzforms),VEINED CANOVA,GERMANY,3200X1640X30,3,,1050,1086,
Quartz 30mm (Quartzforms),BREEZE HULL,GERMANY,3050X1400X30,3,,1050,1141,
Quartz 30mm (Quartzforms),BLONE BREEZE,GERMANY,3050X1400X30,3,,1050,1141,
Marble 20mm,MARBLE ROSSO LAPENTO,ITALY,300x210x2cm,11,,790,,Not on June 2025 list
Marble 20mm,MARBLE GREEN JADE,ITALY,310x200x2cm,7,,790,,Not on June 2025 list
Marble 20mm,MARBLE APPENINO GREY,ITALY,189x272x2cm,10,,570,,Not on June 2025 list
Marble 20mm,MARBLE BRUNO PERLA,ITALY,195x255x2cm,10,,420,,Not on June 2025 list
Ceramic Tile,INDIA CERAMIC TILES,INDIA,300x600,100000,,0.59,,Unit = piece; ~ full container lots
Handling,A FRAMES (steel),VIETNAM,,80,,220,,Slab transport A-frames
